{
  "data_file": "Python Application Usage Log Data Set.xlsx",
  "holdout_days": 28,
  "MAE": 240.08302307128906,
  "RMSE": 327.158469342458,
  "MAPE": 7.63090181350708,
  "Accuracy(1-MAPE)": 92.36909484863281,
  "SARIMAX_only_MAPE": 15.23283863067627,
  "ridge_coef": [
    0.9120163321495056,
    1.8017337322235107,
    -6.423583030700684,
    1.1995065506198443e-05,
    0.027311895042657852,
    0.0019763531163334846,
    -0.0005548039334826171,
    0.000195734974113293,
    -0.04550248757004738,
    372.82916259765625
  ],
  "weekday_release_template_map": {
    "(0, 0)": -34.49493829797041,
    "(0, 1)": 92.78206287730823,
    "(1, 0)": -12.549600652452572,
    "(1, 1)": -111.47915320121047,
    "(2, 0)": -6.6311191255571185,
    "(2, 1)": 72.67430835550824,
    "(3, 0)": -3.47241190986256,
    "(3, 1)": -90.17879953491335,
    "(4, 0)": 82.66519963269134,
    "(4, 1)": -92.25344690286889,
    "(5, 0)": 2.144779881353147,
    "(5, 1)": -16.41626767078078,
    "(6, 0)": 41.555049449219645,
    "(6, 1)": 70.81405115127563
  },
  "ensemble_meta": [
    {
      "cfg": {
        "name": "deep28",
        "bidir": false,
        "units1": 192,
        "units2": 96,
        "dropout": 0.25,
        "window": 28,
        "batch_size": 16,
        "epochs": 220
      },
      "window": 28
    },
    {
      "cfg": {
        "name": "deep21",
        "bidir": false,
        "units1": 128,
        "units2": 64,
        "dropout": 0.2,
        "window": 21,
        "batch_size": 16,
        "epochs": 220
      },
      "window": 21
    },
    {
      "cfg": {
        "name": "bidir28",
        "bidir": true,
        "units1": 96,
        "units2": 64,
        "dropout": 0.25,
        "window": 28,
        "batch_size": 16,
        "epochs": 220
      },
      "window": 28
    }
  ],
  "best_sarimax_order": [
    2,
    1,
    0
  ],
  "best_sarimax_seasonal": [
    1,
    0,
    1,
    7
  ]
}